[
  {
    "name": "100-Days-Of-Python",
    "repoType": "github",
    "repoUrl": "https://github.com/rniemand/100-Days-Of-Python",
    "actionsUrl": null,
    "sonarQubeUrl": null,
    "isPublic": true,
    "badges": null,
    "sourceCodeMaturity": {
      "readme": true,
      "gitattributes": false,
      "pr_template": false,
      "editorconfig": false
    },
    "cicd": {
      "hasBuildScripts": false,
      "buildScriptsVersion": null,
      "buildScripts": [],
      "testScripts": [],
      "sonarLint": false,
      "githubWorkflows": []
    },
    "tags": [],
    "docker": {},
    "nuget": {},
    "links": {},
    "description": "",
    "folderStructure": {
      "src": false,
      "test": false,
      "docs": false
    },
    "languages": ["python"]
  },
  {
    "name": "Alert-Maker",
    "repoType": "github",
    "repoUrl": "https://github.com/rniemand/Alert-Maker",
    "actionsUrl": null,
    "sonarQubeUrl": null,
    "isPublic": true,
    "badges": null,
    "sourceCodeMaturity": {
      "readme": false,
      "gitattributes": false,
      "pr_template": false,
      "editorconfig": false
    },
    "cicd": {
      "hasBuildScripts": false,
      "buildScriptsVersion": null,
      "buildScripts": [],
      "testScripts": []
    },
    "folderStructure": {
      "src": true,
      "test": false,
      "docs": false
    },
    "languages": ["C#"]
  },
  {
    "name": "ArduinoProjects",
    "repoType": "github",
    "repoUrl": "https://github.com/rniemand/ArduinoProjects",
    "actionsUrl": null,
    "sonarQubeUrl": null,
    "isPublic": true,
    "badges": null,
    "sourceCodeMaturity": {
      "readme": false,
      "gitattributes": false,
      "pr_template": false,
      "editorconfig": false
    },
    "license": {
      "name": "MIT",
      "url": "https://github.com/rniemand/ArduinoProjects/blob/master/LICENSE"
    },
    "cicd": {
      "hasBuildScripts": false,
      "buildScriptsVersion": null,
      "buildScripts": [],
      "testScripts": []
    },
    "folderStructure": {
      "src": false,
      "test": false,
      "docs": false
    },
    "languages": ["C++", "HTML", "JS"]
  },
  {
    "name": "BitMeterCollector",
    "repoType": "github",
    "repoUrl": "https://github.com/rniemand/BitMeterCollector",
    "actionsUrl": null,
    "sonarQubeUrl": null,
    "isPublic": false,
    "badges": null,
    "sourceCodeMaturity": {
      "readme": true,
      "gitattributes": false,
      "pr_template": false,
      "editorconfig": false
    },
    "cicd": {
      "hasBuildScripts": false,
      "buildScriptsVersion": null,
      "buildScripts": [],
      "testScripts": []
    },
    "folderStructure": {
      "src": true,
      "test": false,
      "docs": false
    },
    "languages": ["C#"]
  },
  {
    "name": "BuildScriptHelper",
    "repoType": "github",
    "repoUrl": "https://github.com/rniemand/BuildScriptHelper",
    "actionsUrl": null,
    "sonarQubeUrl": null,
    "isPublic": false,
    "badges": null,
    "sourceCodeMaturity": {
      "readme": false,
      "gitattributes": false,
      "pr_template": false,
      "editorconfig": false
    },
    "cicd": {
      "hasBuildScripts": false,
      "buildScriptsVersion": null,
      "buildScripts": [],
      "testScripts": []
    },
    "folderStructure": {
      "src": true,
      "test": false,
      "docs": false
    },
    "languages": ["PowerShell"]
  },
  {
    "name": "code-samples-richardn.ca",
    "repoType": "github",
    "repoUrl": "https://github.com/rniemand/code-samples-richardn.ca",
    "actionsUrl": null,
    "sonarQubeUrl": null,
    "isPublic": true,
    "badges": null,
    "sourceCodeMaturity": {
      "readme": false,
      "gitattributes": true,
      "pr_template": false,
      "editorconfig": false
    },
    "cicd": {
      "hasBuildScripts": false,
      "buildScriptsVersion": null,
      "buildScripts": [],
      "testScripts": []
    },
    "folderStructure": {
      "src": false,
      "test": false,
      "docs": false
    },
    "languages": ["HTML", "C++", "C#"]
  },
  {
    "name": "cron-tool",
    "repoType": "github",
    "repoUrl": "https://github.com/rniemand/cron-tool",
    "actionsUrl": "https://github.com/rniemand/cron-tool/actions",
    "sonarQubeUrl": "{sonarQubeBaseUrl}/dashboard?id=cron-tool",
    "sonarQubeProjectId": "cron-tool",
    "sonarQubeToken": "cfc1bd29c71c5cedda1dfc7ada074b14779b8a1e",
    "isPublic": true,
    "badges": {
      "quality": "{sonarQubeBaseUrl}/api/project_badges/measure?project={sonarQubeProjectId}&metric=alert_status&token={sonarQubeToken}",
      "bugs": "{sonarQubeBaseUrl}/api/project_badges/measure?project={sonarQubeProjectId}&metric=bugs&token={sonarQubeToken}",
      "codeSmells": "{sonarQubeBaseUrl}/api/project_badges/measure?project={sonarQubeProjectId}&metric=code_smells&token={sonarQubeToken}",
      "coverage": "{sonarQubeBaseUrl}/api/project_badges/measure?project={sonarQubeProjectId}&metric=coverage&token={sonarQubeToken}"
    },
    "sourceCodeMaturity": {
      "readme": false,
      "gitattributes": false,
      "pr_template": false,
      "editorconfig": false
    },
    "cicd": {
      "hasBuildScripts": true,
      "buildScriptsVersion": "1",
      "buildScripts": ["./ci-build.ps1"],
      "testScripts": ["./ci-test.ps1"],
      "githubWorkflows": ["publish.yml"]
    },
    "folderStructure": {
      "src": true,
      "test": false,
      "docs": false
    },
    "languages": ["C#", "PowerShell"]
  },
  {
    "name": "document-sink",
    "repoType": "github",
    "repoUrl": "https://github.com/rniemand/document-sink",
    "actionsUrl": "https://github.com/rniemand/document-sink/actions",
    "sonarQubeUrl": "{sonarQubeBaseUrl}/dashboard?id=document-sink",
    "sonarQubeProjectId": "document-sink",
    "sonarQubeToken": "d21ffb125275ac01d630bd33b7ccd9651b6f36fc",
    "isPublic": true,
    "badges": {
      "quality": "{sonarQubeBaseUrl}/api/project_badges/measure?project={sonarQubeProjectId}&metric=alert_status&token={sonarQubeToken}",
      "bugs": "{sonarQubeBaseUrl}/api/project_badges/measure?project={sonarQubeProjectId}&metric=bugs&token={sonarQubeToken}",
      "codeSmells": "{sonarQubeBaseUrl}/api/project_badges/measure?project={sonarQubeProjectId}&metric=code_smells&token={sonarQubeToken}",
      "coverage": "{sonarQubeBaseUrl}/api/project_badges/measure?project={sonarQubeProjectId}&metric=coverage&token={sonarQubeToken}"
    },
    "sourceCodeMaturity": {
      "readme": false,
      "gitattributes": false,
      "pr_template": false,
      "editorconfig": false
    },
    "cicd": {
      "hasBuildScripts": true,
      "buildScriptsVersion": "1",
      "buildScripts": ["./ci-build.ps1"],
      "testScripts": ["./ci-test.ps1"],
      "githubWorkflows": ["publish.yml", "docker.yml"]
    },
    "folderStructure": {
      "src": true,
      "test": false,
      "docs": false
    },
    "languages": ["C#", "TypeScript"]
  },
  {
    "name": "DnsUpdater",
    "repoType": "github",
    "repoUrl": "https://github.com/rniemand/DnsUpdater",
    "actionsUrl": "https://github.com/rniemand/DnsUpdater/actions",
    "sonarQubeUrl": "{sonarQubeBaseUrl}/dashboard?id=dns-updater",
    "sonarQubeProjectId": "dns-updater",
    "sonarQubeToken": "2ed4516ba396f80617eb47d367677025532e6e6c",
    "isPublic": true,
    "badges": {
      "quality": "{sonarQubeBaseUrl}/api/project_badges/measure?project={sonarQubeProjectId}&metric=alert_status&token={sonarQubeToken}",
      "bugs": "{sonarQubeBaseUrl}/api/project_badges/measure?project={sonarQubeProjectId}&metric=bugs&token={sonarQubeToken}",
      "codeSmells": "{sonarQubeBaseUrl}/api/project_badges/measure?project={sonarQubeProjectId}&metric=code_smells&token={sonarQubeToken}",
      "coverage": "{sonarQubeBaseUrl}/api/project_badges/measure?project={sonarQubeProjectId}&metric=coverage&token={sonarQubeToken}"
    },
    "sourceCodeMaturity": {
      "readme": false,
      "gitattributes": true,
      "editorconfig": true,
      "pr_template": true
    },
    "cicd": {
      "hasBuildScripts": true,
      "buildScriptsVersion": "1",
      "buildScripts": ["./ci-build.ps1"],
      "testScripts": ["./ci-test.ps1"],
      "githubWorkflows": ["publish.yml", "docker.yml"]
    },
    "folderStructure": {
      "src": true,
      "test": false,
      "docs": false
    },
    "languages": ["C#"]
  },
  {
    "name": "feed-scraper",
    "repoType": "github",
    "repoUrl": "https://github.com/rniemand/feed-scraper",
    "actionsUrl": null,
    "sonarQubeUrl": null,
    "isPublic": false,
    "badges": null,
    "sourceCodeMaturity": {
      "readme": false,
      "gitattributes": false,
      "pr_template": false,
      "editorconfig": false
    },
    "cicd": {
      "hasBuildScripts": false,
      "buildScriptsVersion": null,
      "buildScripts": [],
      "testScripts": []
    },
    "folderStructure": {
      "src": true,
      "test": false,
      "docs": false
    },
    "languages": ["C#"]
  },
  {
    "name": "FluentHoverfly",
    "repoType": "github",
    "repoUrl": "https://github.com/rniemand/FluentHoverfly",
    "actionsUrl": null,
    "sonarQubeUrl": null,
    "isPublic": false,
    "badges": null,
    "sourceCodeMaturity": {
      "readme": false,
      "gitattributes": false,
      "pr_template": false,
      "editorconfig": false
    },
    "cicd": {
      "hasBuildScripts": false,
      "buildScriptsVersion": null,
      "buildScripts": [],
      "testScripts": []
    },
    "folderStructure": {
      "src": true,
      "test": false,
      "docs": false
    },
    "languages": ["C#"]
  },
  {
    "name": "Grafana-CLI-Tools",
    "repoType": "github",
    "repoUrl": "https://github.com/rniemand/Grafana-CLI-Tools",
    "actionsUrl": "https://github.com/rniemand/Grafana-CLI-Tools/actions",
    "sonarQubeUrl": "{sonarQubeBaseUrl}/dashboard?id=grafana-cli-tools",
    "sonarQubeProjectId": "grafana-cli-tools",
    "sonarQubeToken": "6d9c75a2ec160d79313d1888ee2e0695d9ae1fab",
    "isPublic": true,
    "badges": {
      "quality": "{sonarQubeBaseUrl}/api/project_badges/measure?project={sonarQubeProjectId}&metric=alert_status&token={sonarQubeToken}",
      "bugs": "{sonarQubeBaseUrl}/api/project_badges/measure?project={sonarQubeProjectId}&metric=bugs&token={sonarQubeToken}",
      "codeSmells": "{sonarQubeBaseUrl}/api/project_badges/measure?project={sonarQubeProjectId}&metric=code_smells&token={sonarQubeToken}",
      "coverage": "{sonarQubeBaseUrl}/api/project_badges/measure?project={sonarQubeProjectId}&metric=coverage&token={sonarQubeToken}"
    },
    "sourceCodeMaturity": {
      "readme": false,
      "gitattributes": false,
      "pr_template": false,
      "editorconfig": false
    },
    "cicd": {
      "hasBuildScripts": true,
      "buildScriptsVersion": "1",
      "buildScripts": ["./ci-build.ps1"],
      "testScripts": ["./ci-test.ps1"],
      "githubWorkflows": ["publish.yml"]
    },
    "folderStructure": {
      "src": true,
      "test": false,
      "docs": false
    },
    "languages": ["C#"]
  },
  {
    "name": "hass",
    "repoType": "github",
    "repoUrl": "https://github.com/rniemand/hass",
    "actionsUrl": null,
    "sonarQubeUrl": null,
    "isPublic": true,
    "badges": null,
    "sourceCodeMaturity": {
      "readme": false,
      "gitattributes": false,
      "pr_template": false,
      "editorconfig": false
    },
    "cicd": {
      "hasBuildScripts": false,
      "buildScriptsVersion": null,
      "buildScripts": [],
      "testScripts": []
    },
    "folderStructure": {
      "src": false,
      "test": false,
      "docs": false
    },
    "languages": ["YAML"]
  },
  {
    "name": "hass-mqtt-dumper",
    "repoType": "github",
    "repoUrl": "https://github.com/rniemand/hass-mqtt-dumper",
    "actionsUrl": null,
    "sonarQubeUrl": null,
    "isPublic": false,
    "badges": null,
    "sourceCodeMaturity": {
      "readme": false,
      "gitattributes": false,
      "pr_template": false,
      "editorconfig": false
    },
    "cicd": {
      "hasBuildScripts": false,
      "buildScriptsVersion": null,
      "buildScripts": [],
      "testScripts": []
    },
    "folderStructure": {
      "src": true,
      "test": false,
      "docs": false
    },
    "languages": ["C#"]
  },
  {
    "name": "hass-utils",
    "repoType": "github",
    "repoUrl": "https://github.com/rniemand/hass-utils",
    "actionsUrl": "https://github.com/rniemand/hass-utils/actions",
    "sonarQubeUrl": "{sonarQubeBaseUrl}/dashboard?id=hass-utils",
    "sonarQubeProjectId": "hass-utils",
    "sonarQubeToken": "44e54a9e0d5306f8a0958a2c8782c27eeccf0fc5",
    "isPublic": true,
    "badges": {
      "quality": "{sonarQubeBaseUrl}/api/project_badges/measure?project={sonarQubeProjectId}&metric=alert_status&token={sonarQubeToken}",
      "bugs": "{sonarQubeBaseUrl}/api/project_badges/measure?project={sonarQubeProjectId}&metric=bugs&token={sonarQubeToken}",
      "codeSmells": "{sonarQubeBaseUrl}/api/project_badges/measure?project={sonarQubeProjectId}&metric=code_smells&token={sonarQubeToken}",
      "coverage": "{sonarQubeBaseUrl}/api/project_badges/measure?project={sonarQubeProjectId}&metric=coverage&token={sonarQubeToken}"
    },
    "sourceCodeMaturity": {
      "readme": false,
      "gitattributes": false,
      "pr_template": false,
      "editorconfig": false
    },
    "cicd": {
      "hasBuildScripts": true,
      "buildScriptsVersion": "1",
      "buildScripts": ["./ci-build.ps1"],
      "testScripts": ["./ci-test.ps1"],
      "githubWorkflows": ["publish.yml", "docker.yml"]
    },
    "folderStructure": {
      "src": true,
      "test": false,
      "docs": false
    },
    "languages": ["C#"]
  },
  {
    "name": "log-feeder",
    "repoType": "github",
    "repoUrl": "https://github.com/rniemand/log-feeder",
    "actionsUrl": "https://github.com/rniemand/log-feeder/actions",
    "sonarQubeUrl": "{sonarQubeBaseUrl}/dashboard?id=rn-log-feeder",
    "sonarQubeProjectId": "rn-log-feeder",
    "sonarQubeToken": "6b50dde3e79f3425e03342352aa71d1443163d74",
    "isPublic": false,
    "badges": {
      "quality": "{sonarQubeBaseUrl}/api/project_badges/measure?project={sonarQubeProjectId}&metric=alert_status&token={sonarQubeToken}",
      "bugs": "{sonarQubeBaseUrl}/api/project_badges/measure?project={sonarQubeProjectId}&metric=bugs&token={sonarQubeToken}",
      "codeSmells": "{sonarQubeBaseUrl}/api/project_badges/measure?project={sonarQubeProjectId}&metric=code_smells&token={sonarQubeToken}",
      "coverage": "{sonarQubeBaseUrl}/api/project_badges/measure?project={sonarQubeProjectId}&metric=coverage&token={sonarQubeToken}"
    },
    "sourceCodeMaturity": {
      "readme": true,
      "gitattributes": false,
      "pr_template": false,
      "editorconfig": false
    },
    "cicd": {
      "hasBuildScripts": true,
      "buildScriptsVersion": "1",
      "buildScripts": ["./ci-build.ps1"],
      "testScripts": ["./ci-test.ps1"],
      "githubWorkflows": ["publish.yml", "docker.yml"]
    },
    "folderStructure": {
      "src": true,
      "test": false,
      "docs": false
    },
    "languages": ["C#"]
  },
  {
    "name": "messin-about",
    "repoType": "github",
    "repoUrl": "https://github.com/rniemand/messin-about",
    "actionsUrl": null,
    "sonarQubeUrl": null,
    "isPublic": true,
    "badges": null,
    "sourceCodeMaturity": {
      "readme": false,
      "gitattributes": false,
      "pr_template": false,
      "editorconfig": false
    },
    "cicd": {
      "hasBuildScripts": false,
      "buildScriptsVersion": null,
      "buildScripts": [],
      "testScripts": []
    },
    "folderStructure": {
      "src": false,
      "test": false,
      "docs": false
    },
    "languages": ["TypeScript", "HTML"]
  },
  {
    "name": "mqtt-document-sink",
    "repoType": "github",
    "repoUrl": "https://github.com/rniemand/mqtt-document-sink",
    "actionsUrl": "https://github.com/rniemand/mqtt-document-sink/actions",
    "sonarQubeUrl": "{sonarQubeBaseUrl}/dashboard?id=mqtt-document-sink",
    "sonarQubeProjectId": "mqtt-document-sink",
    "sonarQubeToken": "c0001a6a65c5a77d31401287905b0e3f4d51e3a0",
    "isPublic": true,
    "badges": {
      "quality": "{sonarQubeBaseUrl}/api/project_badges/measure?project={sonarQubeProjectId}&metric=alert_status&token={sonarQubeToken}",
      "bugs": "{sonarQubeBaseUrl}/api/project_badges/measure?project={sonarQubeProjectId}&metric=bugs&token={sonarQubeToken}",
      "codeSmells": "{sonarQubeBaseUrl}/api/project_badges/measure?project={sonarQubeProjectId}&metric=code_smells&token={sonarQubeToken}",
      "coverage": "{sonarQubeBaseUrl}/api/project_badges/measure?project={sonarQubeProjectId}&metric=coverage&token={sonarQubeToken}"
    },
    "sourceCodeMaturity": {
      "readme": false,
      "gitattributes": false,
      "pr_template": false,
      "editorconfig": false
    },
    "cicd": {
      "hasBuildScripts": true,
      "buildScriptsVersion": "1",
      "buildScripts": ["./ci-build.ps1"],
      "testScripts": ["./ci-test.ps1"],
      "githubWorkflows": ["publish.yml", "docker.yml"]
    },
    "folderStructure": {
      "src": true,
      "test": false,
      "docs": false
    },
    "languages": ["C#"]
  },
  {
    "name": "my-home",
    "repoType": "github",
    "repoUrl": "https://github.com/rniemand/my-home",
    "actionsUrl": "https://github.com/rniemand/my-home/actions",
    "sonarQubeUrl": "{sonarQubeBaseUrl}/dashboard?id=my-home",
    "sonarQubeProjectId": "my-home",
    "sonarQubeToken": "b280b45ce116247df63568d17b8a3dc65bc3415f",
    "isPublic": false,
    "badges": {
      "quality": "{sonarQubeBaseUrl}/api/project_badges/measure?project={sonarQubeProjectId}&metric=alert_status&token={sonarQubeToken}",
      "bugs": "{sonarQubeBaseUrl}/api/project_badges/measure?project={sonarQubeProjectId}&metric=bugs&token={sonarQubeToken}",
      "codeSmells": "{sonarQubeBaseUrl}/api/project_badges/measure?project={sonarQubeProjectId}&metric=code_smells&token={sonarQubeToken}",
      "coverage": "{sonarQubeBaseUrl}/api/project_badges/measure?project={sonarQubeProjectId}&metric=coverage&token={sonarQubeToken}"
    },
    "sourceCodeMaturity": {
      "readme": true,
      "gitattributes": false,
      "pr_template": false,
      "editorconfig": false
    },
    "cicd": {
      "hasBuildScripts": true,
      "buildScriptsVersion": "1.1",
      "buildScripts": ["./ci-build.ps1"],
      "testScripts": ["./ci-test.ps1"],
      "githubWorkflows": ["sonarqube.yml", "docker.yml"]
    },
    "folderStructure": {
      "src": true,
      "test": true,
      "docs": false
    },
    "languages": ["C#", "TypeScript"]
  },
  {
    "name": "nas-landing-page",
    "repoType": "github",
    "repoUrl": "https://github.com/rniemand/nas-landing-page",
    "actionsUrl": "https://github.com/rniemand/nas-landing-page/actions",
    "sonarQubeUrl": "{sonarQubeBaseUrl}/dashboard?id=nas-landing-page",
    "sonarQubeProjectId": "nas-landing-page",
    "sonarQubeToken": "4db08a67533e1be6dc143c626168b634286e3aa8",
    "isPublic": false,
    "badges": {
      "quality": "{sonarQubeBaseUrl}/api/project_badges/measure?project={sonarQubeProjectId}&metric=alert_status&token={sonarQubeToken}",
      "bugs": "{sonarQubeBaseUrl}/api/project_badges/measure?project={sonarQubeProjectId}&metric=bugs&token={sonarQubeToken}",
      "codeSmells": "{sonarQubeBaseUrl}/api/project_badges/measure?project={sonarQubeProjectId}&metric=code_smells&token={sonarQubeToken}",
      "coverage": "{sonarQubeBaseUrl}/api/project_badges/measure?project={sonarQubeProjectId}&metric=coverage&token={sonarQubeToken}"
    },
    "sourceCodeMaturity": {
      "readme": false,
      "gitattributes": true,
      "editorconfig": true
    },
    "cicd": {
      "hasBuildScripts": true,
      "buildScriptsVersion": "1",
      "buildScripts": ["./ci-build.ps1"],
      "testScripts": ["./ci-test.ps1"],
      "githubWorkflows": ["publish.yml", "docker.yml"]
    },
    "folderStructure": {
      "src": true,
      "test": false,
      "docs": false
    },
    "languages": ["TypeScript", "JavaScript"]
  },
  {
    "name": "NasFileIndexer",
    "repoType": "github",
    "repoUrl": "https://github.com/rniemand/NasFileIndexer",
    "actionsUrl": "https://github.com/rniemand/NasFileIndexer/actions",
    "sonarQubeUrl": "{sonarQubeBaseUrl}/dashboard?id=nas-file-indexer",
    "sonarQubeProjectId": "nas-file-indexer",
    "sonarQubeToken": "7ace48866c6f653b47f4b0b97fde541d8ceea23b",
    "isPublic": true,
    "badges": {
      "quality": "{sonarQubeBaseUrl}/api/project_badges/measure?project={sonarQubeProjectId}&metric=alert_status&token={sonarQubeToken}",
      "bugs": "{sonarQubeBaseUrl}/api/project_badges/measure?project={sonarQubeProjectId}&metric=bugs&token={sonarQubeToken}",
      "codeSmells": "{sonarQubeBaseUrl}/api/project_badges/measure?project={sonarQubeProjectId}&metric=code_smells&token={sonarQubeToken}",
      "coverage": "{sonarQubeBaseUrl}/api/project_badges/measure?project={sonarQubeProjectId}&metric=coverage&token={sonarQubeToken}"
    },
    "sourceCodeMaturity": {
      "readme": false,
      "gitattributes": true,
      "editorconfig": true,
      "pr_template": true
    },
    "cicd": {
      "hasBuildScripts": true,
      "buildScriptsVersion": "1",
      "buildScripts": ["./ci-build.ps1"],
      "testScripts": ["./ci-test.ps1"],
      "githubWorkflows": ["publish.yml", "docker.yml"]
    },
    "folderStructure": {
      "src": true,
      "test": true,
      "docs": false
    },
    "languages": ["C#"]
  },
  {
    "name": "PowLogger",
    "repoType": "github",
    "repoUrl": "https://github.com/rniemand/PowLogger",
    "actionsUrl": null,
    "sonarQubeUrl": null,
    "isPublic": true,
    "badges": null,
    "sourceCodeMaturity": {
      "readme": false,
      "gitattributes": false,
      "pr_template": false,
      "editorconfig": false
    },
    "cicd": {
      "hasBuildScripts": false,
      "buildScriptsVersion": null,
      "buildScripts": [],
      "testScripts": []
    },
    "folderStructure": {
      "src": true,
      "test": false,
      "docs": false
    },
    "languages": ["C#"]
  },
  {
    "name": "rn-angular-core",
    "repoType": "github",
    "repoUrl": "https://github.com/rniemand/rn-angular-core",
    "actionsUrl": null,
    "sonarQubeUrl": null,
    "isPublic": true,
    "badges": null,
    "sourceCodeMaturity": {
      "readme": true,
      "gitattributes": false,
      "editorconfig": true
    },
    "license": {
      "name": "MIT",
      "url": "https://github.com/rniemand/rn-angular-core/blob/master/LICENSE"
    },
    "cicd": {
      "hasBuildScripts": false,
      "buildScriptsVersion": null,
      "buildScripts": [],
      "testScripts": [],
      "githubWorkflows": ["release.yml"]
    },
    "folderStructure": {
      "src": true,
      "test": false,
      "docs": false
    },
    "languages": ["TypeScript"]
  },
  {
    "name": "Rn.Mountebank",
    "repoType": "github",
    "repoUrl": "https://github.com/rniemand/Rn.Mountebank",
    "actionsUrl": null,
    "sonarQubeUrl": null,
    "isPublic": true,
    "badges": null,
    "sourceCodeMaturity": {
      "readme": false,
      "gitattributes": false,
      "pr_template": false,
      "editorconfig": false
    },
    "cicd": {
      "hasBuildScripts": false,
      "buildScriptsVersion": null,
      "buildScripts": [],
      "testScripts": []
    },
    "folderStructure": {
      "src": true,
      "test": false,
      "docs": false
    },
    "languages": ["C#"]
  },
  {
    "name": "Rn.NetCore.BasicHttp",
    "repoType": "github",
    "repoUrl": "https://github.com/rniemand/Rn.NetCore.BasicHttp",
    "actionsUrl": "https://github.com/rniemand/Rn.NetCore.BasicHttp/actions",
    "sonarQubeUrl": "{sonarQubeBaseUrl}/dashboard?id=rn-netcore-httpservice",
    "sonarQubeProjectId": "rn-netcore-httpservice",
    "sonarQubeToken": "32b8fd2972ee8c71e0f29e3f6ddf838d7f9ba3ab",
    "isPublic": true,
    "badges": {
      "quality": "{sonarQubeBaseUrl}/api/project_badges/measure?project={sonarQubeProjectId}&metric=alert_status&token={sonarQubeToken}",
      "bugs": "{sonarQubeBaseUrl}/api/project_badges/measure?project={sonarQubeProjectId}&metric=bugs&token={sonarQubeToken}",
      "codeSmells": "{sonarQubeBaseUrl}/api/project_badges/measure?project={sonarQubeProjectId}&metric=code_smells&token={sonarQubeToken}",
      "coverage": "{sonarQubeBaseUrl}/api/project_badges/measure?project={sonarQubeProjectId}&metric=coverage&token={sonarQubeToken}"
    },
    "sourceCodeMaturity": {
      "readme": false,
      "gitattributes": false,
      "pr_template": false,
      "editorconfig": false
    },
    "cicd": {
      "hasBuildScripts": true,
      "buildScriptsVersion": "1",
      "buildScripts": ["./ci-build.ps1"],
      "testScripts": ["./ci-test.ps1"],
      "githubWorkflows": ["publish.yml"]
    },
    "folderStructure": {
      "src": true,
      "test": false,
      "docs": false
    },
    "languages": ["C#"]
  },
  {
    "name": "Rn.NetCore.Common",
    "repoType": "github",
    "repoUrl": "https://github.com/rniemand/Rn.NetCore.Common",
    "actionsUrl": "https://github.com/rniemand/Rn.NetCore.Common/actions",
    "sonarQubeUrl": "{sonarQubeBaseUrl}/dashboard?id=rn-netcore-common",
    "sonarQubeProjectId": "rn-netcore-common",
    "sonarQubeToken": "e1f0613be65904bbd9f0e8ac06ced5789b5953d8",
    "isPublic": true,
    "badges": {
      "quality": "{sonarQubeBaseUrl}/api/project_badges/measure?project={sonarQubeProjectId}&metric=alert_status&token={sonarQubeToken}",
      "bugs": "{sonarQubeBaseUrl}/api/project_badges/measure?project={sonarQubeProjectId}&metric=bugs&token={sonarQubeToken}",
      "codeSmells": "{sonarQubeBaseUrl}/api/project_badges/measure?project={sonarQubeProjectId}&metric=code_smells&token={sonarQubeToken}",
      "coverage": "{sonarQubeBaseUrl}/api/project_badges/measure?project={sonarQubeProjectId}&metric=coverage&token={sonarQubeToken}"
    },
    "sourceCodeMaturity": {
      "readme": false,
      "gitattributes": false,
      "pr_template": false,
      "editorconfig": false
    },
    "cicd": {
      "hasBuildScripts": true,
      "buildScriptsVersion": "1",
      "buildScripts": ["./ci-build.ps1"],
      "testScripts": ["./ci-test.ps1"],
      "githubWorkflows": ["publish.yml"]
    },
    "folderStructure": {
      "src": true,
      "test": false,
      "docs": false
    },
    "languages": ["C#"]
  },
  {
    "name": "Rn.NetCore.Configuration",
    "repoType": "github",
    "repoUrl": "https://github.com/rniemand/Rn.NetCore.Configuration",
    "actionsUrl": "https://github.com/rniemand/Rn.NetCore.Configuration/actions",
    "sonarQubeUrl": "{sonarQubeBaseUrl}/dashboard?id=rn-netcore-configuration",
    "sonarQubeProjectId": "rn-netcore-configuration",
    "sonarQubeToken": "81270a6e9d9e8132a6367b9083929018962de62b",
    "isPublic": true,
    "badges": {
      "quality": "{sonarQubeBaseUrl}/api/project_badges/measure?project={sonarQubeProjectId}&metric=alert_status&token={sonarQubeToken}",
      "bugs": "{sonarQubeBaseUrl}/api/project_badges/measure?project={sonarQubeProjectId}&metric=bugs&token={sonarQubeToken}",
      "codeSmells": "{sonarQubeBaseUrl}/api/project_badges/measure?project={sonarQubeProjectId}&metric=code_smells&token={sonarQubeToken}",
      "coverage": "{sonarQubeBaseUrl}/api/project_badges/measure?project={sonarQubeProjectId}&metric=coverage&token={sonarQubeToken}"
    },
    "sourceCodeMaturity": {
      "readme": false,
      "gitattributes": false,
      "pr_template": false,
      "editorconfig": false
    },
    "cicd": {
      "hasBuildScripts": true,
      "buildScriptsVersion": "1",
      "buildScripts": ["./ci-build.ps1"],
      "testScripts": ["./ci-test.ps1"],
      "githubWorkflows": ["publish.yml"]
    },
    "folderStructure": {
      "src": true,
      "test": false,
      "docs": false
    },
    "languages": ["C#"]
  },
  {
    "name": "Rn.NetCore.DbCommon",
    "repoType": "github",
    "repoUrl": "https://github.com/rniemand/Rn.NetCore.DbCommon",
    "actionsUrl": "https://github.com/rniemand/Rn.NetCore.DbCommon/actions",
    "sonarQubeUrl": "{sonarQubeBaseUrl}/dashboard?id=rn-netcore-dbcommon",
    "sonarQubeProjectId": "rn-netcore-dbcommon",
    "sonarQubeToken": "ab4998c1bf0160e925b4c1c49c35786ddebd3c23",
    "isPublic": true,
    "badges": {
      "quality": "{sonarQubeBaseUrl}/api/project_badges/measure?project={sonarQubeProjectId}&metric=alert_status&token={sonarQubeToken}",
      "bugs": "{sonarQubeBaseUrl}/api/project_badges/measure?project={sonarQubeProjectId}&metric=bugs&token={sonarQubeToken}",
      "codeSmells": "{sonarQubeBaseUrl}/api/project_badges/measure?project={sonarQubeProjectId}&metric=code_smells&token={sonarQubeToken}",
      "coverage": "{sonarQubeBaseUrl}/api/project_badges/measure?project={sonarQubeProjectId}&metric=coverage&token={sonarQubeToken}"
    },
    "sourceCodeMaturity": {
      "readme": false,
      "gitattributes": false,
      "pr_template": false,
      "editorconfig": false
    },
    "cicd": {
      "hasBuildScripts": true,
      "buildScriptsVersion": "1",
      "buildScripts": ["./ci-build.ps1"],
      "testScripts": ["./ci-test.ps1"],
      "githubWorkflows": ["publish.yml"]
    },
    "folderStructure": {
      "src": true,
      "test": false,
      "docs": false
    },
    "languages": ["C#"]
  },
  {
    "name": "Rn.NetCore.Encryption",
    "repoType": "github",
    "repoUrl": "https://github.com/rniemand/Rn.NetCore.Encryption",
    "actionsUrl": "https://github.com/rniemand/Rn.NetCore.Encryption/actions",
    "sonarQubeUrl": "{sonarQubeBaseUrl}/dashboard?id=rn-netcore-encryption",
    "sonarQubeProjectId": "rn-netcore-encryption",
    "sonarQubeToken": "a8005cbf02775ba59ecdd25a31798445ae745153",
    "isPublic": true,
    "badges": {
      "quality": "{sonarQubeBaseUrl}/api/project_badges/measure?project={sonarQubeProjectId}&metric=alert_status&token={sonarQubeToken}",
      "bugs": "{sonarQubeBaseUrl}/api/project_badges/measure?project={sonarQubeProjectId}&metric=bugs&token={sonarQubeToken}",
      "codeSmells": "{sonarQubeBaseUrl}/api/project_badges/measure?project={sonarQubeProjectId}&metric=code_smells&token={sonarQubeToken}",
      "coverage": "{sonarQubeBaseUrl}/api/project_badges/measure?project={sonarQubeProjectId}&metric=coverage&token={sonarQubeToken}"
    },
    "sourceCodeMaturity": {
      "readme": false,
      "gitattributes": false,
      "pr_template": false,
      "editorconfig": false
    },
    "cicd": {
      "hasBuildScripts": true,
      "buildScriptsVersion": "1",
      "buildScripts": ["./ci-build.ps1"],
      "testScripts": ["./ci-test.ps1"],
      "githubWorkflows": ["publish.yml"]
    },
    "folderStructure": {
      "src": true,
      "test": false,
      "docs": false
    },
    "languages": ["C#"]
  },
  {
    "name": "Rn.NetCore.Metrics",
    "repoType": "github",
    "repoUrl": "https://github.com/rniemand/Rn.NetCore.Metrics",
    "actionsUrl": "https://github.com/rniemand/Rn.NetCore.Metrics/actions",
    "sonarQubeUrl": "{sonarQubeBaseUrl}/dashboard?id=rn-netcore-metrics",
    "sonarQubeProjectId": "rn-netcore-metrics",
    "sonarQubeToken": "94faea4c5048f30a33fbbe37f853c2ceae48d7c4",
    "isPublic": true,
    "badges": {
      "quality": "{sonarQubeBaseUrl}/api/project_badges/measure?project={sonarQubeProjectId}&metric=alert_status&token={sonarQubeToken}",
      "bugs": "{sonarQubeBaseUrl}/api/project_badges/measure?project={sonarQubeProjectId}&metric=bugs&token={sonarQubeToken}",
      "codeSmells": "{sonarQubeBaseUrl}/api/project_badges/measure?project={sonarQubeProjectId}&metric=code_smells&token={sonarQubeToken}",
      "coverage": "{sonarQubeBaseUrl}/api/project_badges/measure?project={sonarQubeProjectId}&metric=coverage&token={sonarQubeToken}"
    },
    "sourceCodeMaturity": {
      "readme": false,
      "gitattributes": false,
      "pr_template": false,
      "editorconfig": false
    },
    "cicd": {
      "hasBuildScripts": true,
      "buildScriptsVersion": "1",
      "buildScripts": ["./ci-build.ps1"],
      "testScripts": ["./ci-test.ps1"],
      "githubWorkflows": ["publish.yml"]
    },
    "folderStructure": {
      "src": true,
      "test": false,
      "docs": false
    },
    "languages": ["C#"]
  },
  {
    "name": "Rn.NetCore.Metrics.Rabbit",
    "repoType": "github",
    "repoUrl": "https://github.com/rniemand/Rn.NetCore.Metrics.Rabbit",
    "actionsUrl": "https://github.com/rniemand/Rn.NetCore.Metrics.Rabbit/actions",
    "sonarQubeUrl": "{sonarQubeBaseUrl}/dashboard?id=rn-netcore-metrics-rabbitmq",
    "sonarQubeProjectId": "rn-netcore-metrics-rabbitmq",
    "sonarQubeToken": "cdc2934533455b2db09be3d9cd5c51ac33408ee4",
    "isPublic": true,
    "badges": {
      "quality": "{sonarQubeBaseUrl}/api/project_badges/measure?project={sonarQubeProjectId}&metric=alert_status&token={sonarQubeToken}",
      "bugs": "{sonarQubeBaseUrl}/api/project_badges/measure?project={sonarQubeProjectId}&metric=bugs&token={sonarQubeToken}",
      "codeSmells": "{sonarQubeBaseUrl}/api/project_badges/measure?project={sonarQubeProjectId}&metric=code_smells&token={sonarQubeToken}",
      "coverage": "{sonarQubeBaseUrl}/api/project_badges/measure?project={sonarQubeProjectId}&metric=coverage&token={sonarQubeToken}"
    },
    "sourceCodeMaturity": {
      "readme": false,
      "gitattributes": false,
      "pr_template": false,
      "editorconfig": false
    },
    "cicd": {
      "hasBuildScripts": true,
      "buildScriptsVersion": "1",
      "buildScripts": ["./ci-build.ps1"],
      "testScripts": ["./ci-test.ps1"],
      "githubWorkflows": ["publish.yml"]
    },
    "folderStructure": {
      "src": true,
      "test": false,
      "docs": false
    },
    "languages": ["C#"]
  },
  {
    "name": "Rn.NetCore.TestingCore",
    "repoType": "github",
    "repoUrl": "https://github.com/rniemand/Rn.NetCore.TestingCore",
    "actionsUrl": "https://github.com/rniemand/Rn.NetCore.TestingCore/actions",
    "sonarQubeUrl": "{sonarQubeBaseUrl}/dashboard?id=rn-netcore-testingcore",
    "sonarQubeProjectId": "rn-netcore-testingcore",
    "sonarQubeToken": "1b4756c8a5040fc3974ecc1a7df5593d275234e2",
    "isPublic": true,
    "badges": {
      "quality": "{sonarQubeBaseUrl}/api/project_badges/measure?project={sonarQubeProjectId}&metric=alert_status&token={sonarQubeToken}",
      "bugs": "{sonarQubeBaseUrl}/api/project_badges/measure?project={sonarQubeProjectId}&metric=bugs&token={sonarQubeToken}",
      "codeSmells": "{sonarQubeBaseUrl}/api/project_badges/measure?project={sonarQubeProjectId}&metric=code_smells&token={sonarQubeToken}",
      "coverage": "{sonarQubeBaseUrl}/api/project_badges/measure?project={sonarQubeProjectId}&metric=coverage&token={sonarQubeToken}"
    },
    "sourceCodeMaturity": {
      "readme": false,
      "gitattributes": false,
      "pr_template": false,
      "editorconfig": false
    },
    "cicd": {
      "hasBuildScripts": true,
      "buildScriptsVersion": "1",
      "buildScripts": ["./ci-build.ps1"],
      "testScripts": ["./ci-test.ps1"],
      "githubWorkflows": ["publish.yml"]
    },
    "folderStructure": {
      "src": true,
      "test": false,
      "docs": false
    },
    "languages": ["C#"]
  },
  {
    "name": "Rn.NetCore.WebCommon",
    "repoType": "github",
    "repoUrl": "https://github.com/rniemand/Rn.NetCore.WebCommon",
    "actionsUrl": "https://github.com/rniemand/Rn.NetCore.WebCommon/actions",
    "sonarQubeUrl": "{sonarQubeBaseUrl}/dashboard?id=rn-netcore-webcommon",
    "sonarQubeProjectId": "rn-netcore-webcommon",
    "sonarQubeToken": "833715168d6611172cea892c5ac278c1f3c4b86d",
    "isPublic": true,
    "badges": {
      "quality": "{sonarQubeBaseUrl}/api/project_badges/measure?project={sonarQubeProjectId}&metric=alert_status&token={sonarQubeToken}",
      "bugs": "{sonarQubeBaseUrl}/api/project_badges/measure?project={sonarQubeProjectId}&metric=bugs&token={sonarQubeToken}",
      "codeSmells": "{sonarQubeBaseUrl}/api/project_badges/measure?project={sonarQubeProjectId}&metric=code_smells&token={sonarQubeToken}",
      "coverage": "{sonarQubeBaseUrl}/api/project_badges/measure?project={sonarQubeProjectId}&metric=coverage&token={sonarQubeToken}"
    },
    "sourceCodeMaturity": {
      "readme": false,
      "gitattributes": false,
      "pr_template": false,
      "editorconfig": false
    },
    "cicd": {
      "hasBuildScripts": true,
      "buildScriptsVersion": "1",
      "buildScripts": ["./ci-build.ps1"],
      "testScripts": ["./ci-test.ps1"],
      "githubWorkflows": ["publish.yml"]
    },
    "folderStructure": {
      "src": true,
      "test": false,
      "docs": false
    },
    "languages": ["C#"]
  },
  {
    "name": "RnGo",
    "repoType": "github",
    "repoUrl": "https://github.com/rniemand/RnGo",
    "actionsUrl": "https://github.com/rniemand/RnGo/actions",
    "sonarQubeUrl": "{sonarQubeBaseUrl}/dashboard?id=rngo",
    "sonarQubeProjectId": "rngo",
    "sonarQubeToken": "5f1e345d72325f0fd9aefe4b659f8578bd3ca6dd",
    "isPublic": false,
    "badges": {
      "quality": "{sonarQubeBaseUrl}/api/project_badges/measure?project={sonarQubeProjectId}&metric=alert_status&token={sonarQubeToken}",
      "bugs": "{sonarQubeBaseUrl}/api/project_badges/measure?project={sonarQubeProjectId}&metric=bugs&token={sonarQubeToken}",
      "codeSmells": "{sonarQubeBaseUrl}/api/project_badges/measure?project={sonarQubeProjectId}&metric=code_smells&token={sonarQubeToken}",
      "coverage": "{sonarQubeBaseUrl}/api/project_badges/measure?project={sonarQubeProjectId}&metric=coverage&token={sonarQubeToken}"
    },
    "sourceCodeMaturity": {
      "readme": false,
      "gitattributes": false,
      "pr_template": false,
      "editorconfig": false
    },
    "cicd": {
      "hasBuildScripts": true,
      "buildScriptsVersion": "1",
      "buildScripts": ["./ci-build.ps1"],
      "testScripts": ["./ci-test.ps1"],
      "githubWorkflows": ["docker.yml", "sonarqube.yml"]
    },
    "folderStructure": {
      "src": true,
      "test": false,
      "docs": false
    },
    "languages": ["C#"]
  },
  {
    "name": "satisfactory-server",
    "repoType": "github",
    "repoUrl": "https://github.com/rniemand/satisfactory-server",
    "actionsUrl": "https://github.com/rniemand/satisfactory-server/actions",
    "sonarQubeUrl": null,
    "sonarQubeProjectId": null,
    "sonarQubeToken": null,
    "isPublic": true,
    "badges": null,
    "sourceCodeMaturity": {
      "readme": true,
      "gitattributes": false,
      "pr_template": false,
      "editorconfig": false
    },
    "cicd": {
      "hasBuildScripts": false,
      "buildScriptsVersion": null,
      "buildScripts": [],
      "testScripts": [],
      "githubWorkflows": ["docker-image.yml"]
    },
    "folderStructure": {
      "src": false,
      "test": false,
      "docs": false
    },
    "languages": ["Dockerfile"]
  },
  {
    "name": "SatisfactoryHostAPI",
    "repoType": "github",
    "repoUrl": "https://github.com/rniemand/SatisfactoryHostAPI",
    "actionsUrl": "https://github.com/rniemand/SatisfactoryHostAPI/actions",
    "sonarQubeUrl": "{sonarQubeBaseUrl}/dashboard?id=SatisfactoryHostAPI",
    "sonarQubeProjectId": "SatisfactoryHostAPI",
    "sonarQubeToken": "f9246674e570a26a0c7ea47c64e460e627a30cae",
    "isPublic": false,
    "badges": {
      "quality": "{sonarQubeBaseUrl}/api/project_badges/measure?project={sonarQubeProjectId}&metric=alert_status&token={sonarQubeToken}",
      "bugs": "{sonarQubeBaseUrl}/api/project_badges/measure?project={sonarQubeProjectId}&metric=bugs&token={sonarQubeToken}",
      "codeSmells": "{sonarQubeBaseUrl}/api/project_badges/measure?project={sonarQubeProjectId}&metric=code_smells&token={sonarQubeToken}",
      "coverage": "{sonarQubeBaseUrl}/api/project_badges/measure?project={sonarQubeProjectId}&metric=coverage&token={sonarQubeToken}"
    },
    "sourceCodeMaturity": {
      "readme": false,
      "gitattributes": false,
      "pr_template": false,
      "editorconfig": false
    },
    "cicd": {
      "hasBuildScripts": true,
      "buildScriptsVersion": "1",
      "buildScripts": ["./ci-build.ps1"],
      "testScripts": ["./ci-test.ps1"],
      "githubWorkflows": ["docker.yml", "sonarqube.yml"]
    },
    "folderStructure": {
      "src": true,
      "test": false,
      "docs": false
    },
    "languages": ["C#"]
  },
  {
    "name": "SerialTester",
    "repoType": "github",
    "repoUrl": "https://github.com/rniemand/SerialTester",
    "actionsUrl": null,
    "sonarQubeUrl": null,
    "sonarQubeProjectId": null,
    "sonarQubeToken": null,
    "isPublic": true,
    "badges": null,
    "sourceCodeMaturity": {
      "readme": true,
      "gitattributes": false,
      "pr_template": false,
      "editorconfig": false
    },
    "license": {
      "name": "MIT",
      "url": "https://github.com/rniemand/SerialTester/blob/master/LICENSE"
    },
    "cicd": {
      "hasBuildScripts": false,
      "buildScriptsVersion": null,
      "buildScripts": [],
      "testScripts": []
    },
    "folderStructure": {
      "src": false,
      "test": false,
      "docs": false
    },
    "languages": ["C#"]
  },
  {
    "name": "simple-dash",
    "repoType": "github",
    "repoUrl": "https://github.com/rniemand/simple-dash",
    "actionsUrl": "https://github.com/rniemand/simple-dash/actions",
    "sonarQubeUrl": "http://niemandr.duckdns.org:9001/dashboard?id=simple-dash",
    "sonarQubeProjectId": "simple-dash",
    "sonarQubeToken": "ee8f4059ad68b84249a5bd75962973ad9214d844",
    "isPublic": true,
    "badges": {
      "quality": "{sonarQubeBaseUrl}/api/project_badges/measure?project={sonarQubeProjectId}&metric=alert_status&token={sonarQubeToken}",
      "bugs": "{sonarQubeBaseUrl}/api/project_badges/measure?project={sonarQubeProjectId}&metric=bugs&token={sonarQubeToken}",
      "codeSmells": "{sonarQubeBaseUrl}/api/project_badges/measure?project={sonarQubeProjectId}&metric=code_smells&token={sonarQubeToken}",
      "coverage": "{sonarQubeBaseUrl}/api/project_badges/measure?project={sonarQubeProjectId}&metric=coverage&token={sonarQubeToken}"
    },
    "sourceCodeMaturity": {
      "readme": false,
      "gitattributes": false,
      "pr_template": false,
      "editorconfig": false
    },
    "cicd": {
      "hasBuildScripts": true,
      "buildScriptsVersion": "1",
      "buildScripts": ["./ci-build.ps1"],
      "testScripts": ["./ci-test.ps1"],
      "githubWorkflows": ["docker.yml", "sonarqube.yml"]
    },
    "folderStructure": {
      "src": true,
      "test": false,
      "docs": false
    },
    "languages": ["C#", "TypeScript"]
  },
  {
    "name": "study-django",
    "repoType": "github",
    "repoUrl": "https://github.com/rniemand/study-django",
    "actionsUrl": null,
    "sonarQubeUrl": null,
    "sonarQubeProjectId": null,
    "sonarQubeToken": null,
    "isPublic": false,
    "badges": null,
    "sourceCodeMaturity": {
      "readme": true,
      "gitattributes": false,
      "pr_template": false,
      "editorconfig": false
    },
    "cicd": {
      "hasBuildScripts": false,
      "buildScriptsVersion": null,
      "buildScripts": [],
      "testScripts": []
    },
    "folderStructure": {
      "src": false,
      "test": false,
      "docs": false
    },
    "languages": ["python"]
  },
  {
    "name": "study-react",
    "repoType": "github",
    "repoUrl": "https://github.com/rniemand/study-react",
    "actionsUrl": null,
    "sonarQubeUrl": null,
    "sonarQubeProjectId": null,
    "sonarQubeToken": null,
    "isPublic": false,
    "badges": null,
    "sourceCodeMaturity": {
      "readme": false,
      "gitattributes": false,
      "pr_template": false,
      "editorconfig": false
    },
    "cicd": {
      "hasBuildScripts": false,
      "buildScriptsVersion": null,
      "buildScripts": [],
      "testScripts": []
    },
    "folderStructure": {
      "src": false,
      "test": false,
      "docs": false
    },
    "languages": ["TypeScript", "JavaScript"]
  },
  {
    "name": "studying",
    "repoType": "github",
    "repoUrl": "https://github.com/rniemand/studying",
    "actionsUrl": null,
    "sonarQubeUrl": null,
    "sonarQubeProjectId": null,
    "sonarQubeToken": null,
    "isPublic": false,
    "badges": null,
    "sourceCodeMaturity": {
      "readme": true,
      "gitattributes": false,
      "pr_template": false,
      "editorconfig": false
    },
    "cicd": {
      "hasBuildScripts": false,
      "buildScriptsVersion": null,
      "buildScripts": [],
      "testScripts": []
    },
    "folderStructure": {
      "src": false,
      "test": false,
      "docs": false
    },
    "languages": ["C#"]
  },
  {
    "name": "time-tracker",
    "repoType": "github",
    "repoUrl": "https://github.com/rniemand/time-tracker",
    "actionsUrl": "https://github.com/rniemand/time-tracker/actions",
    "sonarQubeUrl": "http://niemandr.duckdns.org:9001/dashboard?id=time-tracker",
    "sonarQubeProjectId": "time-tracker",
    "sonarQubeToken": "54e2a50ddb2a9fb23ca0d09526127556d353e27d",
    "isPublic": true,
    "badges": {
      "quality": "{sonarQubeBaseUrl}/api/project_badges/measure?project={sonarQubeProjectId}&metric=alert_status&token={sonarQubeToken}",
      "bugs": "{sonarQubeBaseUrl}/api/project_badges/measure?project={sonarQubeProjectId}&metric=bugs&token={sonarQubeToken}",
      "codeSmells": "{sonarQubeBaseUrl}/api/project_badges/measure?project={sonarQubeProjectId}&metric=code_smells&token={sonarQubeToken}",
      "coverage": "{sonarQubeBaseUrl}/api/project_badges/measure?project={sonarQubeProjectId}&metric=coverage&token={sonarQubeToken}"
    },
    "sourceCodeMaturity": {
      "readme": false,
      "gitattributes": false,
      "pr_template": false,
      "editorconfig": false
    },
    "cicd": {
      "hasBuildScripts": true,
      "buildScriptsVersion": "1",
      "buildScripts": ["./ci-build.ps1"],
      "testScripts": ["./ci-test.ps1"],
      "githubWorkflows": ["docker.yml", "sonarqube.yml"]
    },
    "folderStructure": {
      "src": true,
      "test": false,
      "docs": true
    },
    "languages": ["C#", "TypeScript"]
  },
  {
    "name": "TimeClicker",
    "repoType": "github",
    "repoUrl": "https://github.com/rniemand/TimeClicker",
    "actionsUrl": null,
    "sonarQubeUrl": null,
    "sonarQubeProjectId": null,
    "sonarQubeToken": null,
    "isPublic": true,
    "badges": null,
    "sourceCodeMaturity": {
      "readme": false,
      "gitattributes": false,
      "pr_template": false,
      "editorconfig": false
    },
    "cicd": {
      "hasBuildScripts": false,
      "buildScriptsVersion": null,
      "buildScripts": [],
      "testScripts": []
    },
    "folderStructure": {
      "src": true,
      "test": false,
      "docs": false
    },
    "languages": ["JavaScript"]
  }
]